Date,MMM,AOS,ABT,ABBV,ACN,ATVI,AYI,ADBE,AAP,AMD,AES,AET,AMG,AFL,A,APD,AKAM,ALK,ALB,ARE,ALXN,ALGN,ALLE,AGN,ADS,LNT,ALL,GOOGL,GOOG,MO,AMZN,AEE,AAL,AEP,AXP,AIG,AMT,AWK,AMP,ABC,AME,AMGN,APH,APC,ADI,ANDV,ANSS,ANTM,AON,APA,AIV,AAPL,AMAT,APTV,ADM,ARNC,AJG,AIZ,T,ADSK,ADP,AZO,AVB,AVY,BHGE,BLL,BAC,BAX,BBT,BDX,BRK.B,BBY,BIIB,BLK,HRB,BA,BWA,BXP,BSX,BHF,BMY,AVGO,BF.B,CHRW,CA,COG,CDNS,CPB,COF,CAH,KMX,CCL,CAT,CBOE,CBG,CBS,CELG,CNC,CNP,CTL,CERN,CF,SCHW,CHTR,CHK,CVX,CMG,CB,CHD,CI,XEC,CINF,CTAS,CSCO,C,CFG,CTXS,CME,CMS,KO,CTSH,CL,CMCSA,CMA,CAG,CXO,COP,ED,STZ,GLW,COST,COTY,CCI,CSRA,CSX,CMI,CVS,DHI,DHR,DRI,DVA,DE,DAL,XRAY,DVN,DLR,DFS,DISCA,DISCK,DISH,DG,DLTR,D,DOV,DWDP,DPS,DTE,DUK,DRE,DXC,ETFC,EMN,ETN,EBAY,ECL,EIX,EW,EA,EMR,ETR,EVHC,EOG,EQT,EFX,EQIX,EQR,ESS,EL,RE,ES,EXC,EXPE,EXPD,ESRX,EXR,XOM,FFIV,FB,FAST,FRT,FDX,FIS,FITB,FE,FISV,FLIR,FLS,FLR,FMC,FL,F,FTV,FBHS,BEN,FCX,GPS,GRMN,IT,GD,GE,GGP,GIS,GM,GPC,GILD,GPN,GS,GT,GWW,HAL,HBI,HOG,HRS,HIG,HAS,HCA,HCP,HP,HSIC,HES,HPE,HLT,HOLX,HD,HON,HRL,HST,HPQ,HUM,HBAN,HII,IDXX,INFO,ITW,ILMN,INCY,IR,INTC,ICE,IBM,IP,IPG,IFF,INTU,ISRG,IVZ,IQV,IRM,JBHT,JEC,SJM,JNJ,JCI,JPM,JNPR,KSU,K,KEY,KMB,KIM,KMI,KLAC,KSS,KHC,KR,LB,LLL,LH,LRCX,LEG,LEN,LUK,LLY,LNC,LKQ,LMT,L,LOW,LYB,MTB,MAC,M,MRO,MPC,MAR,MMC,MLM,MAS,MA,MAT,MKC,MCD,MCK,MDT,MRK,MET,MTD,MGM,KORS,MCHP,MU,MSFT,MAA,MHK,TAP,MDLZ,MON,MNST,MCO,MS,MSI,MYL,NDAQ,NOV,NAVI,NTAP,NFLX,NWL,NFX,NEM,NWSA,NWS,NEE,NLSN,NKE,NI,NBL,JWN,NSC,NTRS,NOC,NCLH,NRG,NUE,NVDA,ORLY,OXY,OMC,OKE,ORCL,PCAR,PKG,PH,PDCO,PAYX,PYPL,PNR,PBCT,PEP,PKI,PRGO,PFE,PCG,PM,PSX,PNW,PXD,PNC,RL,PPG,PPL,PX,PCLN,PFG,PG,PGR,PLD,PRU,PEG,PSA,PHM,PVH,QRVO,QCOM,PWR,DGX,RRC,RJF,RTN,O,RHT,REG,REGN,RF,RSG,RMD,RHI,ROK,COL,ROP,ROST,RCL,SPGI,CRM,SBAC,SCG,SLB,SNI,STX,SEE,SRE,SHW,SIG,SPG,SWKS,SLG,SNA,SO,LUV,SWK,SBUX,STT,SRCL,SYK,STI,SYMC,SYF,SNPS,SYY,TROW,TPR,TGT,TEL,FTI,TXN,TXT,BK,CLX,COO,HSY,MOS,TRV,DIS,TMO,TIF,TWX,TJX,TMK,TSS,TSCO,TDG,TRIP,FOXA,FOX,TSN,USB,UDR,ULTA,UAA,UA,UNP,UAL,UNH,UPS,URI,UTX,UHS,UNM,VFC,VLO,VAR,VTR,VRSN,VRSK,VZ,VRTX,VIAB,V,VNO,VMC,WMT,WBA,WM,WAT,WEC,WFC,HCN,WDC,WU,WRK,WY,WHR,WMB,WLTW,WYN,WYNN,XEL,XRX,XLNX,XL,XYL,YUM,ZBH,ZION,ZTS
2020-02-14,2233500,1157000,3919800,11175800,2096600,4242400,363800,1690300,1122500,52365400,3469300,,277500,2073500,1965400,650800,1053200,1006300,2105500.0,463600,1577900,732900,748100,3059000,1280800,1144500,1110900,1159900,1197800,9026000,2606200,1754300,5524800,1377000,2360300,11891200,1600700,1091200,525100,1602200,776800.0,1611900,684100,,1869000,,911900,1433800,585500,4292300,922500,20028400,8104000,1010100,2513200,3672200,606400,298200,27388900,996900,1566500,198700,456900,317500,,1889600,26447700,1740200,,2320500,,1221200,1023200,472400,2367800,4199800,5008200,616800,7289900,1278700,7530700,1913700,,904800,,5698300,1329700,1329200,1271700,3284900,729900,3998000,2813400,371900,,,,5962400,3707600,8816600,3081400,5653800,7106600,658200,117999800,5148700,366800,1246300,884800,2077300,1945000,612600,263800,26747200,9056600,2089100,1257200,1054500,1365700,9965500,4148300,2820400,15930600,1403400.0,3191900,878900,4204500,1249200,1373700,2841800,1113400,2522400,1424600.0,,2341700,976400,7655100,2252000,1633800,736900,863600,1152400,3810100,1150400,7211000.0,3785900,1426400,3877300,2435900,3277900,1434000,1690300,2881300,643300,,,1625000,6300400,1532600,10764200,2323900,799800,1991900.0,10998300,1377300,1323600,679700,1227500,2797100,1639000,,2087700,6198600,900200,438600,939200,477300,1442800,209700,1160300,3643100,10382900,1402600,,665400,10855300,453800,10741700,2745900,416300,1679000,4133600.0,1918000,2453900,2796500,703000,1256800,2386800,588700,1583300,46359700,1168700,967800,3614200,30484300,4745800,373900,475700,1351800,36967100,,2525400,8946000,641800,9109100,1801300.0,1718700,6101000,185100,8415500,6485600,1263200,,2059800,936900,1822100,,1902200,645900,7043100,8115900,948900,1197300,2841600,2489000,1466600,4978000,8979300,837700,5274700,523200,286800,1169600,765100,1494500,1370200,940300.0,13405500,5111600,6099200,1775200,2497900,1028400,855300,637100,3149400,2967400,2938700,923100,,793600,5716300,4706300,6627600,6793400,917700,1567500,6350500,941400,3157300,8824300,864800,2218900,23915700,4807900,3694000,,649500,1109900,478700.0,1481700,,2273700,1520400,1354600,948600,930300,2774700,1895700,387300,2865300,5559800.0,19189500,6811500,2441200,1214200,545000,4298600,2716300,15706700,462400,1720400,6157600,3815600,8343000,3469700,123200,10274900,,1097500,20920200,23149500,570000,2264600,2123400,4959000,,2659300,931900,4579300,882300.0,3871100,530400,2521200.0,1428300,3217300,3736300,7850400,,6226600,1752000,440400,1838700,3526700,4305300,3826200,5937000,1546400,711400,688800,635100,2044500,1825500,1995600,26048100,898900,6401500,1551900,1397900,7496800,2958500,432000.0,535200,391600,949100,5769900,1141800,2308800,3555600,553200,783100,19930500,15097200,3348600,2254900,715000,936500,1832400,883900,1576900,8121000,,,766500,5889100,1709100,3296000,1195700,2229000,607600,1854100.0,863400,1660900,6256500,1089000,670800,8943100,1118100,1343900,1641600,,1358700,536800,5911600,1450900,318300,431700,455000,3132,279200,1307700,2555700,979300,3599400,425200,0,7904500,,3451400,1709700,774400,305400,1516800,1501100,1815200,345700,465700,5032000,2481800,545800,5686900,1855600,376900,1447400,,,5615800,784900,1613600,713900,2763300,3289100,1433900,3903800,2605200,979200.0,3770800,724900,199300,687400,8316700,981400,9110500,1467700,917000,,5472300,,,675700,507200,3161600,2349600,750500,2071800,4351500,2099600,450000,13846600,3637700,2134800,3119700,2485600,2694600,601800,3886300,507200,1438600,1812200,2990400,452400,3210400,526500,533600,9138900,1354000,,6548800,657700,640600,8130600,5153800,1299900,352800,1707500,15526400,,3204400,5829600,1268400,2652600,528800,6068600.0,499000,,1496600,1959400,1333500,2432900,,1605600,1249700,621700,1147600,1810500
2020-02-18,2478900,1733900,4492300,9406300,1699400,5317900,238500,2074400,2881700,70133200,2535800,,498300,2210000,2872500,857900,1527500,1265900,1448800.0,477400,2522000,639300,1034900,1737500,854900,959400,1663700,1282100,1120700,12033800,2945600,2305800,10485100,2121900,2428200,9403400,1998500,1478400,994900,1566000,1757200.0,1936400,1489800,,3074300,,700600,1972500,760200,2974600,898200,38132800,10208500,979400,2512100,2240800,612400,361800,24273900,1342500,1512200,243400,443500,386300,,1883400,40318000,1820600,,1842100,,1544500,1515100,403200,2735600,2904600,3506000,524900,8024500,1296000,13831900,2669300,,731800,,6369800,1540000,2600800,2009900,2276300,767900,6245300,3869700,823200,,,,7022400,5284800,20970400,1910000,5994100,8165700,739500,65868300,4975800,369100,1366100,1436100,1956100,3686900,472200,386600,18546300,10343500,4455700,1915100,1240400,1400000,10075700,3218200,4370500,13694500,1574800.0,11377100,1847200,3937800,2172700,903700,4379500,1547100,3235600,1275300.0,,2735000,1325000,4844000,2548100,1916700,1062800,1146800,1177400,5690600,1119600,9680000.0,3167800,1686700,2385200,2118200,5293000,1604100,2078300,3419500,691600,,,1269300,6256900,2179400,3393400,3131200,1439700,2298400.0,15223600,1355800,1707600,1357100,2171400,4292400,1455200,,2520800,6848300,923100,427900,879800,446300,2122600,205900,1628400,5163100,3219000,1188500,,857200,18948500,645500,15609200,2287800,486100,1924000,4518900.0,2790500,2501800,2899500,627300,1660300,13185000,644300,2476700,65094800,1110000,1355100,19282300,16416300,5164200,1222700,594500,1139900,43963500,,3181500,10531000,1213800,9904700,2363000.0,2736500,5556100,175300,8500200,5911000,1162400,,2071200,1160400,1401700,,1219500,1893300,2558400,5494800,1805100,1475400,2892600,1818600,2114700,8527800,8465800,1029800,6393800,668200,455300,2184500,778700,813600,1209900,1178400.0,12758400,2656200,3343000,1525700,4440900,1072700,888200,542800,4216100,1436200,4187500,670200,,747700,7230700,4339400,8996400,2813600,1084000,1570300,7611200,1381800,2623600,11007400,1778300,3327900,16772400,15999100,5995100,,791600,2749400,689900.0,2340600,,2858200,1577300,2249800,776100,681800,3430000,1158500,649100,3503200,12516100.0,17992600,5258000,2352800,1352700,700400,2354800,3597300,7048200,643300,2712600,5202300,12050300,9558500,4554800,152200,9385900,,1097100,21513200,27792200,539400,1082400,2385900,6972600,,2386600,771100,6897800,746500.0,4444900,1085100,2547500.0,824200,2635300,5173900,3006700,,7514400,1710100,333600,2447400,2154600,4916200,2741000,6335300,2257400,977600,667900,810900,2179300,1828100,1822800,15504100,1095300,9519200,1902500,1702200,7185700,1431400,978100.0,800200,487700,1117700,5085700,1079300,3052700,4938700,380300,941700,17066900,7687900,3606200,4542600,1066900,1719300,2121900,956700,1081200,7968900,,,1325000,6767600,2720000,3742800,1442600,3242500,643100,2382600.0,1154800,2146500,7248100,1231500,903500,9184400,1174700,2038400,1309200,,749700,512200,9830000,1133000,637500,642600,560700,20,319500,1497200,2977800,1047000,4957000,581200,0,11792800,,2769300,1366400,1158500,413100,1354800,1594300,2444400,759700,438900,5167500,3086600,859700,5288800,1809800,430100,1533300,,,5570000,910200,3264600,870700,4149800,3122500,1651400,4658600,3094400,1906200.0,3253200,627800,168800,1061600,9032300,1206100,8214900,1462400,866300,,3498200,,,768900,230400,2522700,2065400,965600,2263200,5591200,1769300,518300,7917700,4694800,3164400,4183400,3241700,3371600,847900,2865500,468100,1482600,3911600,1856600,481700,1599200,360800,1120200,12427300,1305400,,7651500,1049100,2306400,11513200,4334400,2094300,694400,1177900,22423800,,2651800,7304500,3041300,3064900,1154400,6607300.0,428500,,1578200,3552200,1526600,2042400,,1310300,1934600,771400,2467800,2461700
2020-02-19,2296400,1070300,3464900,6349100,1806000,4865900,249500,2580400,1015600,58597300,2224400,,473400,2182600,4741300,931000,1274700,863800,2041200.0,773000,3179600,524100,766700,2238400,717900,950300,1414600,1137300,949300,5888600,2561200,1598600,8400700,1910000,1785000,5755700,2618500,1288700,559100,915800,901500.0,1322900,1054700,,4598900,,524700,1338700,1422500,2951100,1128600,23496000,8502600,1403600,2257000,4111600,565500,372400,22601200,1569900,1651500,166500,692400,492600,,1386700,29632100,1616300,,1540200,,1422900,1488400,383200,2141300,4935700,3027700,680300,7412000,954200,9905400,2052500,,814600,,6604400,2212000,1840000,2059600,1896900,907300,4625400,2134900,577800,,,,7282300,6321000,9368600,1880200,3313100,6377500,1041500,73931500,5887500,318200,1451100,1048100,1615200,4366900,435400,296000,27626400,9145200,4542100,1273100,1854500,1629700,6265700,3612800,2686700,14814400,1373600.0,5187800,3813500,5267400,1029900,805700,8384200,1413600,3700500,1211500.0,,2251800,1560800,4831600,3295900,2642400,905300,777800,1244600,4399900,938200,10966700.0,2250500,1627600,3124400,3265100,5084700,1540300,2154500,2665800,1021300,,,941400,2809100,2146800,2909000,2036100,801200,1873100.0,7598300,1200800,1671300,1571500,1540000,2961400,1633100,,2765200,9990300,789800,405000,1068500,243400,1768500,243700,1695000,4023500,3216900,1762700,,2034300,12804900,592700,12135100,1706000,848700,1699300,2328500.0,3505200,2511900,3636700,742500,715300,9775500,599700,2002300,69668200,1326500,741000,8753600,16686600,4774900,2959100,411600,1191200,54878300,,4543100,9079500,1383600,7754000,1270200.0,2207100,4456600,181800,7035300,5174300,921700,,1587600,1124100,1131900,,1196000,1646500,3994100,7303100,1543300,1114100,2713300,2464500,2092200,10452600,13283600,539300,6607100,538300,734100,2054600,974100,1339000,1895400,2471800.0,13551200,2520300,2732900,2454200,2794000,887300,791600,737800,2973900,1070700,3073400,348000,,1267300,6115200,4206100,7071200,3160400,678600,1581200,6923000,1047800,3098800,11498800,1069300,2975000,7947900,7528100,3914500,,564500,1539600,573400.0,1416000,,3082800,1647000,2734400,787200,704200,3170500,1290300,750300,4397400,8891300.0,17660400,7065100,2018000,1143800,753600,1594800,3040300,6322400,481200,2229500,4262400,5198400,11202500,5528700,111100,6107000,,1615500,23335500,29997500,484200,778100,1688600,5448300,,3222400,986300,6075300,786900.0,5771500,726400,3107800.0,2380000,1936000,4896400,2647800,,8137500,1610800,512900,5283700,1731600,6200500,1511700,6102600,1746600,703400,691000,864600,2285700,1888200,1736700,17358300,781900,7536300,1356000,1528500,6819200,1129700,846200.0,904900,545900,1417300,4878600,620600,2277400,2978800,533400,603900,16841500,14456600,4372000,2441800,894700,2390600,1317400,856500,1153700,4390600,,,726100,4734000,4417500,4724300,1421900,2226500,2025300,3037000.0,947100,1718000,7820900,986200,840500,8701100,1119400,1701700,1254300,,718800,564000,5140500,704800,378000,771600,678000,0,297700,1061200,2531900,1341100,3903200,576300,0,6592300,,2107700,2048300,790000,493000,1299800,2267800,1751800,720800,531500,4894000,2135100,1487900,5210800,1948200,354200,1243700,,,6086500,1760900,1553100,866800,3176200,2866700,1147000,2586500,3931600,1179500.0,3957000,612200,137900,806800,5129400,1272200,7080900,1189400,1247300,,3384500,,,881700,257900,1628500,1839300,674100,4346700,4219800,1056900,447000,11305900,3276000,2807200,3350300,3021100,2663200,619500,3360600,454600,1592700,2323400,1831500,367500,2297800,578200,1196600,13642800,947700,,5927500,2738800,1220000,7187800,3279500,1431500,336900,1313200,15602500,,2669400,9015000,1261100,3349500,671900,8204500.0,390500,,1781000,2284500,1586000,2466900,,1068700,1875400,961200,1655300,1676600
2020-02-20,3275100,937400,3657500,5446200,1481700,4219700,311700,3789300,671600,74203400,2819000,,347000,2623700,2543600,922900,1474100,786900,4973600.0,770400,1652200,584400,1245900,1840100,590700,1315500,2146100,1298100,1096600,5242900,3131300,1999000,10093400,3344500,2541700,5507100,2150300,1022400,654900,1808100,1437200.0,1638000,1195400,,3062400,,525400,1889500,791200,2347000,606200,25141500,7535900,1395300,1951000,3790600,689400,499000,27176100,1527300,1501600,219100,779200,260300,,1130400,42604100,1778200,,1132000,,2212200,1497800,475200,2876500,2807500,2623700,527200,6123500,781800,11360500,2552100,,1579100,,8080500,2394200,1265500,2262900,2688000,1081600,5343800,2678200,646800,,,,3676400,9634500,9598300,1555900,2972200,16198800,1049400,59031400,4466600,362800,2265600,2126100,2206200,4511700,340200,585100,20416700,11763400,3906700,1384700,1604200,1390100,7597200,3641300,3350900,12037800,1399200.0,2858000,2382600,5755000,1319000,821700,5912800,1427500,4116800,2180300.0,,2241900,1019400,5719300,3685100,2428800,757400,859200,2048500,5239400,1026700,7706300.0,3939700,1178800,5705100,3174300,3135500,1101600,1979500,3034800,684200,,,1117000,2711000,2004900,2845400,42360400,664200,1755700.0,8940300,1200200,1498900,1024200,4034000,2338200,1933700,,2447100,8791600,565600,353600,1023800,378500,2379900,160500,2063200,3745300,2184400,1871300,,1284200,14817200,653100,13109200,3301400,348200,2602500,2326700.0,3588200,2594500,3285100,436200,715900,5000900,848100,2942800,52318200,1417400,586600,5393300,21148000,3831300,1307800,500200,1247900,39561900,,4830500,7817900,750500,8697200,1979400.0,3183700,4059100,160000,7202300,6348000,1919600,,2048900,1340000,801200,,915600,3952500,2546000,9141800,1165300,1807800,3701800,2336800,4520300,10585900,20458200,822200,5123300,362200,696500,2097700,1047000,698100,2653300,1907300.0,26452600,1880700,2880500,2209100,2027500,1478700,900900,636600,4437600,1574300,2525100,615400,,509900,7464700,4741200,7422800,2926900,622800,2107400,8423800,1364300,3191500,18830400,1664400,3062300,7005900,6187500,34627300,,641400,1887800,562200.0,1364300,,3417000,1426500,4370000,1190600,751000,4696000,1635100,538900,2681700,9005300.0,14551100,13576300,1279600,1322600,506300,2093600,4316000,4558200,567700,2869400,3313600,4914900,10440200,3686900,111800,6731800,,1277200,20797100,36862400,558600,769300,1113000,5008600,,3325100,1000900,58533500,902800.0,6363700,692300,2347900.0,1280500,2462700,4079400,3323000,,12255900,2027300,826300,2682900,2743100,6427600,1998700,6516600,2022100,949100,753000,995200,5621400,2425700,1329500,20251300,1096000,7728900,1405000,2111600,6114600,1710500,1019300.0,946100,639300,2253500,7212900,1072200,2996600,2805900,439000,705800,40752500,8394500,3076400,2905900,1309400,2394400,1426400,824700,1733600,4594600,,,929400,6094600,2835600,3992900,1422200,3453300,1110500,4012200.0,812500,2961500,9754900,1218900,520500,11584200,1022200,1982400,3245900,,949400,660800,9131300,1171900,290700,699400,893000,0,432200,1065400,2867900,1898500,5451200,606300,0,7836000,,2220200,1065900,1182200,340600,1556900,2202300,1363300,414400,365200,5046500,2924800,1091900,5969200,1586500,494800,1006300,,,4866400,4667200,1398400,1105100,3213700,2659300,987800,3048000,2487800,1050400.0,2925800,673000,134300,716700,10674000,1629100,5981700,1505700,1325900,,3015200,,,979100,444000,2206000,5305700,1605200,2471300,4906200,1907200,641900,7386700,3033800,2190900,2893900,2885500,3171200,821800,3386300,559000,1702400,2701300,2015800,336200,5374100,878200,761300,16748600,1524800,,8531900,2317500,1299600,5022900,3368400,2352800,523200,1218000,15965500,,2374000,6683200,1988600,3331700,650800,15277600.0,485000,,1849600,2243900,1697900,1742200,,1298400,1216300,950900,1973900,1182500
2020-02-21,3535300,1218400,5570900,6676000,2088800,3476700,538400,2742800,791800,88271100,3949000,,542400,2977600,1762500,1587000,1132100,926500,2263400.0,916200,1728500,791700,638700,2710500,503700,2395200,1477700,2126000,1731700,9367800,4646300,2212900,11253600,3361300,3106100,4913600,2570200,1222200,595300,1213700,3049900.0,2047500,1184500,,2813700,,584200,1111000,890700,3148500,966800,32388500,9658100,1203900,2645800,3321600,800500,431100,28468200,1774800,3538400,212200,811800,550000,,1403900,46675500,1529500,,1867700,,1877800,923200,494200,2444400,3709900,2478900,811600,7282400,717900,10134800,2452200,,1497200,,10076400,1550300,983600,2764400,2275400,864400,8009800,2855600,2379500,,,,3098900,13501900,7082600,1992200,2065700,13500500,1243500,43117600,6443900,302200,1267700,953600,1469800,2161900,682500,500300,20028700,14020000,3261200,1740000,2869500,2028300,10842400,4787100,5341500,21235400,2118500.0,3031200,2133400,5216300,3976900,798900,4774100,2239000,2964000,3006000.0,,3853400,1139600,5186200,3450500,1945800,1372200,755400,5917100,6295600,1401500,9274000.0,3346800,1722800,4574600,3064900,2387500,1455100,2279000,3126400,661900,,,1715500,3520000,2879100,4068100,17220000,679500,2465700.0,14695200,1053800,1441500,844700,2546900,2593400,2846300,,2963700,8703300,786600,604900,1517400,463100,1709000,235000,2462300,7352300,2060400,1727100,,929500,20315700,601800,14092300,4124100,627300,1645300,2759400.0,3598900,5933300,3563700,714600,850600,4549700,631700,3313000,58326300,1128400,1076300,5012600,18498900,4093000,944000,466600,1416900,42921200,,5010600,8431500,2780100,22478200,1442800.0,3081600,4832200,200200,11631000,4030400,1464400,,2380300,3638000,800600,,1260000,1781200,1937200,8480200,1716100,1106600,3881100,1940400,3623500,8200500,16987100,526300,8930500,246300,443300,1845300,1133800,722400,1414000,1528200.0,20775900,2047300,3536900,2684000,4801400,1632300,1173200,734100,6074200,967900,2665300,439000,,471400,7776800,12196500,9772800,2930000,598800,1824900,8108000,1562200,3001600,14432400,1909900,2448400,6716800,9065300,12587500,,445000,2160600,966500.0,1492600,,2900900,1774200,3734400,1055500,1096200,3861600,1580300,826600,2650600,8123400.0,18987900,6490700,1858100,1947800,725200,2480200,4997100,7514100,468400,2791200,3727200,5493800,8870200,5308000,147700,8036600,,2023600,27038900,48572600,703100,833700,1636700,5709000,,2973300,961400,29536400,965300.0,4939700,2527200,2348000.0,1292900,3233200,3930100,2779900,,10402900,1656800,501500,2757700,5210800,5750900,3735200,5281000,1517900,1363400,990400,880000,4549900,1854600,2348800,19204500,642000,8921100,2300300,2509000,9078600,1938900,1056700.0,702100,674000,1838100,5894500,1218800,4079600,4271800,520400,509800,30764000,6228300,6314300,2406900,2333700,1403400,1547500,914400,1100800,4901100,,,1123400,8723900,2730500,6382300,2103100,4165300,1379200,2104400.0,798000,1834200,12257600,1075300,970600,8860300,1184600,1640600,2222500,,1069200,655300,12312700,1226500,448200,980300,1162600,0,955400,1316400,3352400,2066700,5242100,1696000,0,7246300,,2355700,765800,1285800,383200,1219700,3180200,1894700,906500,511900,5386400,2324600,1571700,5800500,3684500,433300,1733000,,,4868400,2777000,1883500,1059000,4309700,3856500,1363000,3824700,4121000,1006000.0,5058500,794500,159900,1028200,10289100,1469700,7725800,1540100,934400,,4681000,,,1349600,309600,1945700,5024200,1593500,2197600,5666000,2318300,661700,6879600,2993500,2890700,4541400,2987100,6034600,973000,4277500,467800,1328500,2529500,2084800,427800,3364400,623500,912000,15704300,1365100,,9231500,1609300,1032300,6242100,4643000,2058000,471100,1491100,21729100,,4101400,12934500,2136400,3151100,531500,13704900.0,790100,,2853200,3563600,1882300,2353500,,1010600,1015100,1020400,2009900,1754800
2020-02-24,3635600,2262400,5667200,10705100,2600400,6102000,465900,3924000,1199400,86624100,3922000,,683100,4080300,2919200,1330700,1514100,1285400,1682200.0,955500,3052700,1367700,677100,3327200,771500,1655600,1745600,2478000,2867100,18907800,6547000,1700500,21713200,3279600,6329300,9774200,2329800,1219400,846800,1541700,2305600.0,3049600,2196100,,3041400,,953900,2518700,1250300,3025600,1236100,55548800,11223700,2084100,3011000,4707500,799200,508000,34886900,2104900,2084100,333800,726700,799800,,2853700,79159600,2380600,,1637800,,2880900,1732500,1063700,2695300,6073200,5983200,792800,6536700,1072500,12105000,3684900,,1657900,,11811400,2361900,2364600,2522800,2105300,948500,15441400,4964800,827700,,,,8368200,6522800,7989800,2779900,3445100,13407600,1410600,68191400,9539800,662300,1919200,1363400,3114500,2410500,775100,592300,35295900,21096200,4538500,2128200,2604800,2121800,14415500,4557300,5584400,21720800,1722400.0,3678300,3905300,10350200,2393400,1145900,5771700,2300400,4718600,2092400.0,,7515900,1551500,9637600,2415300,2467100,1177500,1393600,2292900,17983100,1543800,10968800.0,3314000,2020100,7157200,3799400,3718200,2282300,2805300,4665600,820400,,,2081800,5282900,2656200,2677100,12165800,1511600,4177700.0,18961600,1307000,1404000,1413000,2817100,3592000,1559600,,3854400,7711200,988500,543200,1059000,412600,2494300,593100,2160400,5989500,4563600,1823300,,1114600,32096600,856800,23080100,3934900,488200,3116300,3651200.0,5932000,4427600,3706400,782400,1874600,3648700,1062700,2909600,110048200,1808300,1133000,5771700,24486900,7992500,1044300,629900,1857900,70978000,,4159600,14743100,1381200,42905000,2083700.0,4139400,8684300,255300,12540100,6134200,1762100,,1988400,2284600,1515900,,1525200,1427800,2693800,11045100,4565200,1200400,5350100,3204300,3433800,10316700,21989400,1213000,7364300,365300,595400,1999700,1656200,1443900,1366400,2114800.0,26903100,2558900,5452400,2591300,3228500,1994900,1996800,848500,6245300,1313100,3374700,1038900,,1067100,10588900,6659800,13618400,4400600,1416700,2539600,7456100,2669800,3861600,19068300,2649600,2766400,12622200,7668600,9807300,,875000,3102200,1561600.0,2024300,,4727400,2754200,2492800,1117800,1106700,5399600,2689800,799500,2887700,12614800.0,21076900,10276800,3197500,2349600,853400,4675600,7816000,8164700,721200,4218800,6332900,5334300,13105100,8697000,181100,11664300,,3455100,33321100,68311100,728200,887500,1706800,6232200,,3311000,990000,28670400,830300.0,8250500,1217800,3104200.0,1903700,2601600,6936400,5676800,,14746600,2171600,819500,2272900,2836800,8364200,3224700,7103400,3114900,1557300,1437100,997500,6497100,2629700,2793400,21422900,758200,12503100,1946700,2722400,10992500,1712200,1241300.0,1294800,1432200,1768200,10139300,1021500,4987500,5027700,679500,1131900,36024000,7912600,6497400,3732700,1312600,1549700,2234700,1429100,1870500,5466800,,,1299500,7533900,3660400,3688200,3387100,3336200,1636000,3154900.0,1162600,2598800,12158500,2300400,956500,12930600,1248000,1965200,2865100,,868600,2959700,10858700,1288500,436900,1311200,1502400,30,468900,1816400,7476900,2006000,8463300,825400,0,16714900,,3115800,1317500,2065900,565800,1995000,3097400,3102700,822800,979800,5644300,7538400,1470300,8313600,4078500,544800,1617000,,,8475600,2503500,1951100,1288800,6669900,5304900,1914600,3766500,7483800,1335100.0,5088300,2094300,348400,1083600,6743900,1828700,19336500,2638300,2229200,,5638500,,,1563500,613300,2764100,5577600,1503900,2612600,7773800,1563500,886000,9382800,3689900,6785100,6332900,8790600,7300400,1431300,6413000,927800,2355300,2964700,3868700,862100,3201800,783500,1096600,18520900,1659300,,13316800,2208500,994600,6616000,8049800,2324900,398400,1867400,23075900,,5069400,8089700,2997000,3755600,1100400,13015300.0,675100,,4549100,3531000,3216500,3222300,,1249400,1539100,1917900,2329900,1642000
2020-02-25,5263400,3753800,7021800,11366400,2883600,10451800,500300,4188100,1565700,88699400,5871000,,904000,4013900,2768000,1423700,1293900,1685800,2195600.0,763000,3976000,1134900,782900,3266800,1134100,1873800,2046400,2579000,2478300,12475900,6219100,2612800,22296900,3356500,7628100,8706000,2268600,1056500,1085800,2239400,1668500.0,3915500,2528600,,3251400,,681500,1954900,1562000,4462000,2564300,57668400,9942500,2525200,3364800,10229900,1006000,639500,48886200,2282300,2606400,307800,855900,889900,,2524100,91586800,2620400,,2223500,,2900900,1831100,1064600,2527100,8052500,6578600,1064700,8745400,1753900,15706000,3189200,,2344900,,10565800,2648000,1793200,4499600,2764400,1049900,16153700,4840200,703600,,,,6020300,6731300,11568100,3071200,3288000,16466000,1698000,67366500,12871900,736100,2502200,1455100,2824100,3085100,933700,875400,48024700,27451000,6157300,2277700,2754000,2173500,15915100,4976800,5739500,22440600,2780700.0,7015100,2601500,10447900,2328700,1369600,12039900,2881800,7090300,2038500.0,,8901100,1995300,15062300,4366800,3187700,1481600,2456600,2358500,15836500,2289500,10388900.0,5027100,3074000,8349800,4088300,3702600,2335900,2739600,3879900,1234700,,,1444500,4093000,2579200,4432800,8518600,1417200,4140900.0,15856200,1285800,1652100,1409900,3651300,4330300,1599200,,6558100,8393600,951300,677700,1270500,435800,2767800,438500,2102400,7610200,3447200,2659700,,1138300,36414500,941800,21433500,5998200,651600,4223800,5343900.0,6472500,4461100,4117500,739300,1188700,6186400,913500,3590900,108888300,2618200,1714500,5792900,39353400,9900000,1183700,731200,2780100,81087400,,3947500,14621900,1219100,39199200,2814100.0,5343100,6539100,291600,13040400,6996900,1682500,,2534400,1565900,2268400,,1744800,1939200,3143900,11244300,5490900,1825300,8061500,4092200,2521200,14476700,44019200,1253600,12025000,380200,649000,2164100,1871700,1604900,2174600,1918900.0,34495700,3063600,6211500,3766000,5006900,1963500,3430400,884000,6921900,2918800,3096100,1091300,,1292900,10529000,7673500,20797200,3700000,1326000,2541000,10468800,1387500,3887800,19427000,2046900,3623600,11732200,7335200,11854100,,939500,2549800,1141200.0,2968200,,3401600,2554100,2953100,1600100,1200400,6522600,2406300,1083800,3580900,24836400.0,27736200,8826300,5128400,1721800,802200,5313600,12715700,6323400,1479800,5053700,5059200,7074400,12568400,10896800,184300,14198000,,2720500,41894200,68073300,825000,966700,2277800,7636500,,2842300,1090700,25568400,1042700.0,6321600,963600,3789900.0,2228300,2715800,6481200,7006300,,11595000,5930600,983500,2571400,3791800,9602100,4048300,10772700,5139600,2171000,1748600,1458800,5898800,3499700,3336500,26387400,1005800,22058600,2596900,5339300,12202600,2719300,969100.0,1308100,1544300,2164100,13636100,1926700,6883200,7585800,613100,2362500,39733300,9600200,6125500,4211800,975000,1835800,2828000,1526500,2506500,4924300,,,1427500,8903200,4476300,5305900,2961200,3657800,1644600,2929700.0,1255600,2817200,14725000,1754700,913800,15285600,1395800,3566700,3899600,,1801300,3568800,15818400,1384300,434900,1060000,1120400,0,478700,2295700,5906100,1439400,11361100,881600,0,18709700,,3426900,1750600,1744900,843500,1890700,4040700,2843400,1199600,710200,5246600,9351700,2734800,9404000,4729100,502100,1995300,,,9860700,2162800,3031200,1866000,5950900,5095900,2510800,4150500,6347200,1829600.0,5765100,2351700,316600,1466600,8160100,1949000,21032500,2378300,3979800,,8317600,,,1335600,615600,3305700,5241300,1922800,4152800,10564600,2645000,974300,8993800,3230100,7631700,8076200,8171200,7609100,1736900,7608400,852700,2596500,3876200,4057500,1109200,5000300,738100,983700,19384900,1581100,,18539000,2248500,901000,7764300,6336300,3080300,581200,1806300,31110100,,5893900,8644600,2963700,4617900,1452000,20907600.0,768000,,4285400,3581800,8618200,4275700,,1421900,2389000,2300000,2790700,2236200
2020-02-26,5152100,4449700,7380100,9786900,2671100,8272700,440500,3489700,1164800,86378400,4952800,,849800,5292000,2526000,1310200,1635200,1813900,1583900.0,945800,2586300,720200,809900,2014000,969200,2267800,2479000,2488800,2202400,14293000,5224600,2840800,19610300,3258500,5268000,7269800,2024600,1118600,1031900,1907100,1677800.0,3314000,2459800,,2896600,,659300,1733200,1093700,5515700,1208000,49513700,10851500,1691700,5251700,7286400,2081000,520500,40261900,2850100,2319700,295300,907500,921700,,4313700,80012800,3126900,,2056000,,3465900,1411300,959600,3848900,6987300,3492500,1230600,10062300,1284100,11264600,2307400,,1107400,,9413200,2477300,2460500,2762300,3160700,988900,23492300,3902500,860800,,,,0,5898600,10896700,2981300,3028600,15389400,1617800,235305000,11990400,570900,2354700,1586400,2869700,2562400,1182500,707400,38513200,25552100,6767200,1676200,4404600,2033000,15837800,5205300,4188700,30526000,1859400.0,8256100,2263500,11646700,2455200,1125400,7331300,2236000,7424200,2293700.0,,6862500,1498900,16872600,5325100,3203100,2085200,1276300,2545200,15985900,2473100,10340400.0,2665400,2130100,6230400,4065100,2622900,2126900,2372100,3902100,1468400,,,1499900,3152200,3125400,4939200,7787400,1106100,4108600.0,11917800,1716300,1679400,1041000,2858000,4798800,1529900,,5371300,9344400,873200,414600,1997300,520600,2982500,349000,2277500,6901200,5075600,2505600,,1376200,29801000,609300,16524500,4487800,695000,2766300,4085900.0,5840200,4162500,3917900,1114600,1312600,7569500,813900,3448200,92469500,3169800,1499900,5036600,29846400,7456000,970800,732300,2737400,93118000,,3366700,14421900,1313600,35000500,2089600.0,4171100,6855900,443800,16143400,10444300,2336300,,2869800,1820200,2715300,,1472900,1622100,3338100,10242600,6110500,2368900,6963000,3411700,3147900,14437500,16657000,1250500,12170700,424600,583900,3824200,1673100,1423800,1442300,1943000.0,26190100,3923900,5407900,3560600,4951400,1599000,2449200,746200,6744300,1667800,3342300,907500,,1926000,10093800,6226500,24825600,5739400,1664300,1863200,10241800,1703300,3828600,17465600,1879300,4236300,11768200,7565800,16448800,,584700,2379600,1418000.0,3332900,,4659000,2380600,2783900,1678000,1616300,12739800,2996800,985100,2790600,25485900.0,26970000,6040700,4961200,1964700,1021100,5368000,9403300,5172800,1177300,4190800,5578100,5426300,11393400,9898400,167000,16980700,,3728200,28075600,56206100,841800,1283400,3070100,9745500,,3500500,951300,22286100,811600.0,5156000,948100,3378700.0,1882000,2239200,8934100,4196000,,8875600,3233700,723200,2387900,4017400,9308400,10578000,16225600,3098100,1956000,2473700,934400,8127700,3559400,2878600,18693300,809600,22683000,3233200,3156500,16413100,2161600,770300.0,2268100,1700700,2276300,10301800,1218100,5760600,6157200,731600,1127200,45464900,9197400,7929700,4156400,978400,2010200,2734800,1524100,2067000,7950900,,,1491900,6894200,3293700,4662200,3064800,3943100,1829700,4577300.0,1389000,1667000,13125000,1915500,1092900,10167600,1361500,2736000,5288700,,2050100,2299300,11377700,1490600,479600,1274000,854900,0,528100,2432000,9748000,1460500,13923100,844400,0,19240700,,3056800,1638500,2132100,724100,2267500,2228300,2756600,1074700,622300,5026400,9286300,2453600,10541500,5197200,594000,1993400,,,9640700,2039900,3585000,1697200,4868100,4318300,2286400,6082000,5778000,2520100.0,6741400,2853800,288300,1144100,7583500,1715500,31195900,1944800,3635300,,14677500,,,1384700,456400,5646500,5632300,2761100,3479400,12018000,2807600,771500,8875200,3369300,4921400,9363900,6806600,7411700,1450000,8434100,1034500,2873200,3554500,4702000,733400,3767200,960100,903300,16803600,1578500,,14214700,1649900,1911200,6673300,7211400,2694700,685400,1830500,27372600,,4825300,6924300,3857500,4551700,1104300,17381100.0,880600,,4155400,3060200,3672800,3489000,,1344600,3382500,1273100,2394300,2562100
2020-02-27,8241600,3528400,8657200,14184100,3040100,9014200,349400,4737700,997000,106416200,8442900,,1680000,6232300,2879400,1410300,1706300,2704600,2530000.0,1388700,2861000,1049800,1206900,4765100,1180900,2215400,2366900,3114500,2978300,13884500,8144000,2564000,31897300,5865600,8279800,7159300,3168700,1277700,1487200,2568100,1974500.0,4071100,2126100,,3541300,,1534800,2328900,1572200,8817000,2362600,80151400,15746200,3477200,4476100,9344100,1357500,956000,66325700,2688300,2843300,322700,1120900,873300,,3990100,121148300,3004200,,2637600,,5770800,2221100,1286000,3803900,10982400,6592900,1186500,15338000,1844100,20624800,3483700,,2325600,,17238600,2678900,1714700,4273500,4825700,1507500,31486400,7369000,1424100,,,,9801800,12105400,16264300,3146000,4420200,28185100,2609100,152349800,15783700,1351500,3118900,2229300,3101300,3533200,1742400,932800,51442900,34656800,7734300,2536900,3940600,3190000,23754000,5326600,6181100,36098100,2377100.0,7140600,2919800,14676100,2752600,2282200,10953900,3625300,6937200,5822200.0,,8697200,1855700,22059900,7207300,4238500,3096600,2633000,2957500,21949100,3954700,13203400.0,2844900,3473600,17025100,6890900,6592600,3596000,3271100,4549200,1439900,,,2247800,4784000,3217800,6267700,9153600,2797000,5546400.0,16142600,2116600,2110200,2284600,4906200,4641700,2554300,,7699300,21825000,1003000,718200,2179500,635200,4176000,354000,2295200,8275200,6148300,2810500,,1480900,48141300,910400,21682600,8835200,826100,3535000,4392500.0,8155600,5322800,6824500,3981000,1800100,8693200,976900,4511200,118642400,4059900,2096300,7901100,53912400,11351300,1346200,979400,2809100,94250500,,5097500,14940400,1505900,51482500,3416400.0,5848200,6652500,704900,20069300,11874000,1811000,,3371000,2369400,3293100,,2340100,2300700,5813400,12311300,7692700,2007300,7612800,3951300,2669700,18896500,23949800,1484800,21359200,669000,610100,3192700,2031000,2319000,1641700,2811300.0,42226900,5272800,8421100,4162700,6834700,1533000,2246700,1066600,7322300,3406900,5239600,1246300,,1216200,12566700,8569100,23005500,5566000,1949500,2670100,13973800,2804200,6147100,23662500,3589700,5744500,14102800,8376600,17192800,,922400,2872200,1660900.0,3335700,,4292800,2824800,2863400,1894100,1911700,8830100,3367700,1429300,4690200,22438800.0,35230800,13247500,6958600,2325200,819000,4975700,13814600,8367300,1126500,6406200,5900100,7263500,15013600,13487100,206500,14395000,,4124000,36349200,93174900,1072800,1044300,3142100,14101000,,7126500,1993700,26815200,1305200.0,7667700,1342500,3929100.0,2843100,3494600,10967700,7236800,,13346800,4158000,1348800,3651000,8507900,12825700,6725600,11417800,4869100,4335700,3088200,2054500,10504600,3885300,3649800,22660400,1110200,23516900,4206900,7202200,16161100,3333200,1377200.0,1722200,4727200,2689700,15461900,1523200,6627400,8605000,1015200,3759700,52604200,12638300,8930500,6900500,1451900,2747500,3668800,2105900,2287200,10721500,,,1721800,13298900,3187800,6227400,3928000,5723000,1764900,4835600.0,1697800,3170600,17898300,4043900,2098300,19653000,1411200,3977900,11871600,,1796800,2093500,15071800,1922600,632600,1309700,1363500,0,786500,2738900,14785900,2298200,9927300,1324900,0,23765700,,4479900,1377300,3214000,781700,2778300,3834700,3630300,1269900,784100,8529100,10355900,1998300,17120800,5523000,1053000,2090700,,,10894900,1840800,4305100,2036100,6576800,6713400,2269600,9421400,8687300,3015800.0,11049300,4309200,321700,1580700,8435500,2689600,30827500,2231900,4433300,,12640100,,,1941400,670400,5720900,7439900,2763400,4438600,13413900,3211600,1047700,10802000,5848200,7914700,10257100,7604300,9143800,1918300,10197600,1681700,3479200,4158300,7682400,878000,4365800,937100,1053500,25907200,1973000,,17536600,2189800,2282500,9492300,10123200,4280200,576900,2306400,41180000,,6394400,10540500,5574800,6430700,1643800,23786900.0,966600,,5670100,4225400,3436900,4638600,,1711600,3850300,2046400,2469500,3075200
2020-02-28,11508700,4720000,16673000,18460300,5785200,10456000,868400,6469100,1909200,100667700,12558200,,1401800,8944900,3755600,2353600,3279700,3535300,2580200.0,1578000,3320400,1741400,1246500,4951900,1868700,3409300,4179800,4010900,3790600,24002300,9493800,4615000,37166400,6763800,11363600,10908300,5188100,3988800,2050400,3829400,2982200.0,5316100,2995700,,6036800,,1674500,2983800,2363700,10240400,2704400,106721200,14945300,3533900,8056800,12371100,2218700,1207400,121099700,4340100,4585800,597800,1702900,1002300,,4412000,171263600,4659600,,3588300,,4757200,2396700,2039300,4753500,15375100,6634200,2158400,19871200,2360800,28294900,4460400,,3375800,,17766100,4698200,4551100,6114300,6367000,2582300,24868200,8301900,1920100,,,,8612100,12507100,25300900,5167200,4339000,27463000,3590000,215743600,20840600,1505900,3792900,3499100,5468800,6273100,2197100,1392300,80194000,46029800,12008100,4823400,4751200,5533300,40891800,7873500,11130900,62188700,3356900.0,9385100,3787200,16558800,5357400,3371200,13670400,7096600,9857500,6204100.0,,11539000,2158600,23729500,8175500,7942800,2593000,2977000,3053900,19861000,3256400,13850500.0,5045700,5033200,12545600,10139400,7459000,3858700,4580400,8247000,1877500,,,2907800,7910900,6102700,7286700,10812700,3081300,6790100.0,16824600,3424800,5410600,3356400,6853700,6483800,2735500,,11081600,19794100,1611500,1132000,3257500,1030500,4084300,676700,3405900,14879100,5329400,4858800,,2162400,62468400,1175400,32583500,8622900,1635700,4395600,8619900.0,11606900,9412800,7131800,3544500,1939000,8415600,1861500,12739500,116546700,3845700,2820000,10490300,67996500,11432700,2043500,1424200,3829100,151373200,,10113600,20832300,1727800,33804800,4061400.0,6740700,9155000,713500,27296100,16157200,3006400,,4905100,2288300,4689100,,3211500,2319800,6072200,23358000,6129200,3241100,11814700,9558100,4121100,20376800,26358300,2130100,33656500,1072400,1614600,4189700,2842000,2678200,2525500,3113300.0,60728000,7204500,13012200,4996200,7259400,2332500,2899400,1943200,12772000,3112200,7536800,1358400,,1577700,19825500,13381400,45942600,7063900,1951300,4526500,21650200,4069200,9435900,32731000,3695100,4627400,16285200,13514400,12412400,,1776200,3199200,2470400.0,4983300,,7898300,3919400,3765100,3364300,3377400,9987800,4156300,1945500,6948200,21302900.0,32563600,14193700,6660800,4077700,1117700,6457400,12855500,7384900,1790000,11377800,9285800,11689000,27922000,13640200,338700,18396500,,5479700,40288600,97073600,1818300,1616100,3090000,14447200,,7217500,1989200,36983500,2873300.0,16177300,2281000,6912400.0,6210300,5531100,11178600,9330100,,20172200,8734300,2573700,6868700,10308400,16565700,12727800,12729800,5232000,3173500,3582300,2921200,9206200,6020200,4665900,28366900,1691800,24190100,4338700,7515600,24427100,4193900,1237600.0,2000500,2655100,4052700,17216000,2165300,9953200,14170000,1561100,3079700,62686900,13626400,13656100,7138500,1847900,3476400,4900400,1680900,4461000,21535700,,,3159800,22788600,7029900,7287100,5092900,6031800,2460300,9513700.0,1834300,4209000,20905500,3661100,2707500,25240000,1927000,5071000,7018500,,2945300,1594800,28630100,3320300,1247600,2499500,1587700,0,1086400,4152000,9940200,2901500,12643600,1942500,0,26832500,,6034700,3039500,4207700,1359800,3739900,5790400,4766900,1546700,1026100,15575400,11854000,3723000,19120200,5657300,995300,3098100,,,17476000,3132600,5831700,3329700,6564400,9223500,3458300,17299900,11432800,2953300.0,14506900,4701100,567900,2127600,10254800,3756000,35453800,3961600,7694300,,12936400,,,3318600,911900,6135400,7567100,3917400,4496700,24633400,3679600,1407900,11062900,9194100,7060300,9958000,9964000,11517400,2541400,12341100,1388800,4507700,7248400,7421700,1048700,7020500,1284100,2169900,45881200,2491500,,22674700,3690500,2431900,17504100,11856800,6445300,1167500,3200700,71710100,,7883300,14106800,5370500,9547600,1907100,29172000.0,1792400,,5946200,7762100,5711900,6094600,,2786700,4240700,2473600,4249400,4779300
2020-03-02,8026300,3068200,11483600,12171100,4317900,9483100,547500,5398100,1403000,102324700,8987900,,816700,6569000,3407500,1625400,1726600,3075000,1661200.0,1201500,3571000,1325200,912700,3775600,1697800,2205300,2794600,2771500,2431500,14560000,6761700,2835700,38738000,4936200,9851600,10262100,2718500,1860400,1482600,4528000,3211400.0,4245700,2539800,,3979400,,1386600,3317500,2083000,8987000,2417900,85349300,10795200,2572200,4829300,7372000,1815500,553200,68432800,2698800,3194400,487800,1275700,951400,,2610800,147776300,3370100,,2234200,,3898300,2364600,1278200,5024300,11012300,4148200,1327900,14333700,1497600,19500300,3197600,,1786200,,11035200,2711100,4573600,4111800,4630300,1827600,19716200,6100200,1232900,,,,9814500,7324600,16969000,3179800,4818900,21834000,2951700,268773400,15050800,869200,3069400,3901100,3901200,26191900,1528700,1058100,48864300,29006400,8307800,3897100,3768500,3386700,25698600,5676800,7940800,40006900,3255100.0,8240000,3288700,10672800,3615400,2010400,8283900,7563800,7867900,4077800.0,,10651300,1794400,15909500,8169200,4682700,2405300,1701400,2532100,20098700,4040100,11012000.0,6312700,4289900,8373200,5632900,3272200,2581600,3936600,5612300,1418200,,,2517000,6803600,4391000,5228000,8540000,2238700,5188800.0,13131000,1778700,3847800,2022200,4291500,4778500,1957000,,8008500,17255900,1220000,757100,2325400,751100,3350100,771700,3191500,9653800,4849000,2449700,,1287500,38127600,1189200,24949000,7077800,629800,4418600,6618600.0,10718100,5894500,5516400,2178500,1297400,5202300,1207000,6644900,96766000,2548200,1904900,8850900,35073500,12373800,1475000,2231200,2233200,124802200,,7603400,14994600,1371800,31113000,3027200.0,5285500,6370400,523400,20530300,8246700,2261100,,3819400,1485900,3978900,,2584100,2426100,4752100,15540800,4791400,3047100,7150800,6744900,3812000,10950500,15428100,1856200,19653100,924100,700700,3649900,1950800,1768200,2261300,38314900.0,43140300,7056100,8531400,4603200,7042800,1295500,2520500,947500,9526400,2504900,6296600,816700,,1046400,11508200,8790700,27355400,5470800,2078600,2584200,13350600,3094700,5957100,22540300,2706400,5781700,14470800,11950800,9563500,,1390800,2347300,1300800.0,4723400,,7355700,3389000,3087400,2859900,1988900,8794000,3631300,1320700,5322100,20747200.0,23726100,11884700,6375500,4028800,891300,4843000,9688100,8155500,1122700,6154200,11921100,8358000,17977600,13068400,306800,15648000,,4625100,33272700,71030800,993400,1223000,2477300,12252600,,4547200,1526000,23234100,1510200.0,8359100,1264100,5319000.0,3995500,3145600,6997900,7320500,,12708700,4424900,1875900,4826400,7647000,14102000,7194600,7943800,4442200,2540600,3152600,1547000,7318900,3885200,4039800,22268600,1222300,17223700,3538400,5239000,17328500,2582700,965100.0,1122000,1588100,3500900,13367000,1606100,8315100,8504500,1269700,3013000,39880900,14760300,6916400,5279400,1534600,3385300,2965200,1555600,3748800,9559000,,,2399100,12399800,4671600,5715300,5088800,4264100,1548300,5879100.0,1294300,2626200,15043400,3123400,1841300,12560300,1709600,3743800,4511600,,1555900,1713100,23705400,1857400,1258700,1438800,1649800,220,781500,3138100,7890200,3140800,7761000,1231500,0,23253000,,4057000,2544600,3323600,840300,2217000,3437900,2899800,1031400,653500,7744600,9043200,2475900,14258700,4156900,1201500,2503900,,,10614500,1692700,5055000,2737000,5852700,9691100,2015200,6953300,7207500,2016500.0,11490700,3753400,282100,1280500,6259700,3349900,21775900,2741000,4772700,,10155000,,,1659800,527900,4817900,7503700,2871300,3780600,12673900,2408900,1148500,11772900,6345200,7064800,13015200,8866300,8738800,1979100,9083600,1050200,3963100,5197200,6526300,711300,7626000,901700,1516200,30736200,2406400,,17434500,2037800,1619600,17074200,11247800,4006600,961100,2817600,44231200,,7553300,9722800,3966100,6513400,1481000,21628600.0,1009900,,4675300,5117800,4163200,4361300,,2012100,2408900,1712400,5006700,2881600
2020-03-03,8296500,2739900,9510600,12660900,3514000,9825900,386700,4204500,1241000,141972300,11037900,,663500,7325900,3017200,1607800,2616300,3415200,1932300.0,1153700,2455400,1065000,848900,5338800,1035000,2248700,2810300,2830100,2402300,18031600,7534500,2231900,35402500,6823000,9285000,11832200,3502600,1639200,1433500,2190400,2258400.0,3975100,1813200,,3416000,,811200,3017700,1252000,7364300,2484400,79868900,14036600,2685700,4886600,6377100,1063300,553100,63808000,2756100,3095200,828100,1099200,811100,,2494200,138698500,3240700,,1948600,,2731400,2036100,1589800,3715700,7499300,5201000,1148400,13875500,1216700,18250100,2993000,,1492700,,12636200,3162500,3573700,4685800,3434500,1875500,19720600,6358100,1188800,,,,8821200,10594000,11994000,3217500,4247000,28382000,2884900,137136900,16525500,779100,2838300,2257600,3570000,4955500,1343500,895700,49294700,29547700,10007400,2596200,3753700,4155400,27099200,5117800,7487800,43253400,4364300.0,5143000,2180000,11785400,3129700,1956900,7959800,5131400,6919000,4248500.0,,8122400,1744300,14989700,6180700,3105400,1693800,2513100,2443100,26344100,2707500,11433000.0,4144400,3601100,9827100,5791900,3534000,2573800,3248600,5624500,1231200,,,3049400,5060500,4621300,4250100,7987600,1541600,5114600.0,18838700,3065700,4350600,2331500,3984800,5142200,1980000,,6432200,11179800,1529100,678800,2805400,645900,3149900,439400,2409300,11652000,3376400,1959100,,1211800,50580700,947000,27984100,6747000,786700,4373300,4561500.0,11051300,7906700,5171100,2287400,1083300,4017500,896300,6488000,97457800,2231300,1592900,15145100,46929800,9841500,1399600,1429800,2418200,109249200,,7073000,15816200,1415900,24482000,2378800.0,5677200,8280400,560200,26031300,17395500,3011100,,3937800,2577300,3250600,,2206300,1493200,4212800,15309400,6433300,2703700,8432500,6108500,4089300,12121900,19957500,1914900,25218500,879200,728900,2990000,1978300,1353700,1939400,18033500.0,49740300,6139200,7896100,3869600,6074800,1427000,2015100,1027200,9125800,1557200,4846800,933200,,926100,13662500,9620000,32547700,5379900,1486500,2002100,22824300,2939600,8309100,20242700,2397400,11105300,11011400,10566900,7991500,,959600,2510300,1067000.0,5896200,,6936600,3110200,4181400,2531400,1682300,8337500,2949100,1493100,4715900,19956900.0,28467100,8506400,6796500,3264800,879900,5081900,8051100,6364100,986400,5115200,18003100,8371600,16597900,11120000,261900,15690400,,5671100,36893200,71677000,1181000,1304400,1652700,13008200,,5292000,1734900,30206600,1466200.0,10890500,1317200,7056900.0,4802700,2557800,8364600,5033000,,18278800,4159000,1821900,3909000,7486500,14767600,4823100,10095700,4847800,2129600,2853800,1207900,5704600,3208800,3277600,16319800,1406900,19991600,2445500,4096900,21830500,2652300,1339100.0,1184000,1423100,2944600,11912300,1830700,9763900,8728300,847700,1769200,43808800,7464400,6034700,5710300,1527000,2113600,3545500,3347000,2642100,8267000,,,2615200,12510900,3930600,5843400,3844400,5192500,1764300,5791900.0,1167300,3038300,16356200,2239000,1605000,11433800,2244200,4828600,3513000,,1558200,1210600,32399400,2056100,918800,1560700,1629200,133,631300,3487300,7591300,2691800,8323500,1193900,0,22020400,,4147100,1759000,2534100,737600,1216100,4913100,2428900,1237300,532900,9656500,7338100,2264600,12395900,5678800,977100,3061000,,,9562500,2075100,4131900,2985900,7162400,10927400,2237700,7147600,9217300,1861800.0,14057800,3374300,422700,1342200,6850700,2694500,19529700,3895900,4056900,,10092900,,,2324800,423500,3300300,4869200,4065400,3953200,13197700,2682300,1062800,10627000,7170500,5654000,9208800,9188100,9263400,1508500,9090000,1092700,3632700,5683200,5587900,914600,6974800,966100,1231900,27500200,2092900,,15226400,2418900,2133200,11113600,10385300,4321500,719700,2509000,45091000,,5420700,10577600,3677200,5143800,1125000,21729400.0,1012000,,4346300,5425200,3121400,4745200,,1490400,2430900,1933300,3920700,2768200
2020-03-04,5773800,4984000,8660000,16590400,3875400,7306400,389200,4146300,861300,93311800,5851300,,813000,7922500,1905300,1213900,1507100,3480600,1198000.0,1052700,2554000,924300,772600,2927700,1464000,1672600,1905900,2379900,1913300,12612900,4772900,1952700,44362100,4027200,7470900,8324100,2350400,1528700,1243500,1411300,1634700.0,3880200,1265000,,2181000,,733200,5162200,1204800,4376200,1071200,54794600,7925800,1901000,2971300,4120400,1324200,533400,42070400,2242800,2847600,501200,990200,636700,,2327500,111239800,4342500,,1954900,,3110300,1752300,1175000,2606100,6986100,4169100,834600,10112500,1398800,18228300,2347700,,1394100,,10277100,2364400,9420400,2888100,4431300,1238200,19503500,5074700,1312000,,,,17185600,6441600,8847600,2404500,3329000,26339300,2014000,113562400,14753000,772600,2147900,1907700,6127800,2852000,868700,681800,30022100,24188500,8414500,2649300,2348400,2932000,20526100,3244200,7174700,24996900,2840400.0,2919300,1548900,8924200,2415100,1444800,6511000,4219300,4245900,2384700.0,,5576300,1593500,14690700,6693600,3463300,1789200,2078900,2513800,20381800,3852300,8787200.0,2950400,2878200,6581000,6980900,4409600,1664700,7807300,4571600,936700,,,1837900,4284200,2324900,5353900,7843600,1261700,4269000.0,13445400,1897700,4519500,2360200,4289700,4313400,1506000,,5455100,10516800,1500700,586400,2379500,416700,2815600,302700,1989600,8139800,3954200,1531200,,1457600,24079600,1252900,23062500,4983800,480400,2854700,2692500.0,8068700,5367300,5787500,2896500,857700,3116700,928800,3881300,70588100,5390100,2544500,8539300,25141500,7287500,881600,2047800,2694600,83063100,,4298100,16227800,963500,23741700,1490100.0,3520400,5263900,484400,30188600,7930000,1741200,,2835600,2367600,3194200,,2403200,1698100,3358700,26220800,7065200,2710400,6770000,4532500,2005400,14922100,18364200,3319300,21492600,415000,602600,2981500,1722900,956000,2043800,25202700.0,29223100,5223500,4996400,3503500,5174800,1422900,2551100,734000,5826000,1228700,4231800,1125700,,1299900,10560500,8141200,25795900,3614300,1481600,2405400,13860900,3070500,4390300,18485700,1493300,5865500,8588100,9597800,10544400,,1780800,1917000,618100.0,5618700,,5301900,3165000,2710100,2025800,1052100,5206700,2242400,1159700,3606300,21287200.0,19274400,6923700,7343700,4734200,816100,2996900,6463800,9017800,1436700,4260400,18687000,8935200,19297900,7751100,181100,14876700,,4504300,28222000,49814400,1180100,798100,2162600,12787200,,6529900,1221400,21938100,1120500.0,10527100,1206500,4681100.0,3657700,2766000,5487300,3925400,,10207100,4165800,1166600,3678300,4088700,6904400,3591600,6594700,13691300,1832100,1837900,1193700,7154900,4961200,2302600,14935200,734300,14006600,2718400,2808900,14813700,1690000,1330900.0,1584900,929400,1913100,8245200,1755700,5655900,7635700,549900,1456500,36728800,9855900,5675300,4201800,1217500,1788100,2598600,1875900,2941400,5742700,,,2419200,9459300,3717100,4210300,3976000,2751400,968000,6005600.0,1045600,2502400,9894900,2349000,2082500,14108000,3143600,3014400,3610400,,1555400,1960700,20535200,1543100,1098300,1544700,991400,25053,552500,4938700,10264600,1468300,5846300,1180800,0,16155900,,2912100,1139700,1564700,736700,1142800,3673600,5037900,1111100,546800,6517200,8990300,2337300,10999600,3730800,906100,2532600,,,8613900,1529100,3063900,2005900,4956100,6834800,1645500,6370300,5556500,1481100.0,12017400,3143800,308000,1002300,4980000,2423100,13842100,3043500,1710400,,6853500,,,1611200,472900,3014000,4338400,2778700,3904300,12095400,2033200,913200,9297100,4389200,4415000,10671200,14533000,6644800,1566600,5712700,1091800,3054300,3392500,6485000,649300,4285900,793700,987800,17626400,1971800,,10789100,1790500,1515700,8208400,7194200,3474800,467000,1817200,33881500,,5143200,6838800,2884000,5083800,701000,10981600.0,1143400,,3137800,3454200,3264600,4344300,,1921100,2420200,2009000,4440500,3283700
2020-03-05,5887000,4313200,9288700,9688400,3548200,6978500,424300,3199000,1157100,98302700,6056400,,1706500,5574500,2322600,1548200,1903700,3859200,1490200.0,834600,1831100,1101100,961500,3348600,1060400,1618100,2459900,2719000,2561300,11502300,4748200,2061800,44656800,5285700,12060600,9251400,1969400,1218400,1456000,1365800,1935800.0,3185400,1681000,,2197200,,821900,2868600,1283600,5725500,1042300,46893200,9842500,1699200,2848400,4958300,1070200,445500,45298100,2328700,3359700,347900,801400,1044200,,2258600,110878700,3821800,,2274700,,2771400,1470400,1022200,3347000,14669100,3744900,857100,20434800,1748900,15119400,2437400,,2230200,,10134600,2163700,4826300,3484700,3369700,1439200,33085000,6015300,1588800,,,,6569000,9387500,12252600,2442200,3076700,28000700,4485300,83622400,12814400,843800,2569500,1634600,3106900,2642900,993700,651900,30255900,27277600,8732500,4652300,2800800,2997100,17948500,3893000,5877500,25284600,3683800.0,3706700,2281200,9603800,2282900,1602000,7953700,6407700,6172100,2513900.0,,4894700,1537100,8581800,4097600,4494200,2700400,1299400,1878400,22918800,2561300,9800200.0,2408700,3488400,6480700,6427900,3994400,1970600,4237300,3880800,1056700,,,2002500,4327400,2189700,4653100,7799700,1641900,3980400.0,11816600,1599100,2115200,1890100,3029900,4692900,2200000,,4905100,11214900,1703300,578100,1623600,591500,2851600,304400,1990400,8488900,4449800,2126800,,979600,40788200,959400,19333400,8820000,405900,3150000,4238000.0,7761200,6141800,4642100,2927300,1468400,3485000,798500,3624500,78070900,2517900,1314100,7152800,26564600,7536800,1512800,1887100,2951400,108087200,,5406600,17921300,1053500,22727600,2415700.0,4151500,5462800,447000,28694400,5218400,2874000,,2488500,1286300,3389800,,2647500,2054300,4912700,17618300,9044900,3396800,6473900,5394700,2355600,19704600,16562300,2270000,16861900,378800,524400,2895900,2368700,1079400,1430200,15758700.0,29099200,3752300,5446200,3016500,7205000,1492500,2418800,957200,7676200,2215000,2404500,771000,,961900,11339200,9336500,25025600,3698600,1551100,1517400,15279300,2588300,5061600,16981900,1697000,6754300,12581900,25208100,10134400,,1734300,2037000,1117200.0,3075200,,6882100,2213700,4350600,1967200,1604800,6619100,2746200,1630600,2968000,22406600.0,19893900,15767100,6977200,3075900,720600,3824200,6621300,6467300,1094800,4107200,16884200,5881600,14330000,11269300,281400,22895800,,4156800,26223000,47817300,917900,683000,2352100,10517000,,5455400,1557400,23950200,1288700.0,10850500,1645100,4550900.0,4097800,2353600,8747000,4593000,,9960700,2542600,844600,3103000,5411500,8851100,4713400,5213800,6690000,1912400,2639700,1214100,8778700,3471000,2899900,13508200,810200,19218000,3066500,3373800,15843000,2276200,852400.0,1920400,1674500,2360800,7671500,1815100,5966800,6579100,848100,1647700,33298200,7062500,6587500,5724800,989000,1907900,3561500,1585400,2865500,6269100,,,1824300,9363500,4157800,3135200,3709400,3736900,964300,4308200.0,1307600,2131700,9396200,2181200,3936000,12429200,2261300,3496400,2285800,,1221600,1270200,24354300,1681800,975500,1286500,1228100,15,554300,3136700,16079000,1824800,5797500,1020600,0,15754600,,2204600,1710200,3109500,591900,2076600,3553600,3527000,1042300,468600,7867000,10774800,2467100,12545300,4049800,829600,2797800,,,10808400,1486600,3987200,2083500,5737500,5294900,2027400,6020800,6162300,1882100.0,10984100,2778300,466700,974100,5986500,2445500,22397200,2192400,2439600,,9162300,,,1179200,945900,5273700,5392200,2206300,3365100,12815800,1439000,1096700,7077200,4598700,4901900,13974700,5908400,5277200,1923300,8559800,889500,2596900,3251100,5918900,726300,5116900,732900,1062900,21249900,1518300,,10106900,1581800,1129700,8546100,7237100,3226100,731500,1842600,45037900,,4487400,11617400,3364000,5387700,892500,18141400.0,1096800,,5576300,5871800,3017900,2889800,,1495700,2171600,2104100,5762900,2472600
2020-03-06,7155100,4555600,10647600,12664600,3284400,9745200,685900,5622900,1207800,124590900,9374100,,1018500,6310800,2959900,2175000,2097200,5041700,1490700.0,934700,2859800,1061000,970100,4726100,1166300,2469800,3277500,3232000,2660600,15485300,5273600,3040900,54505000,5815300,9897700,14681300,2693600,1492800,1588900,1760100,2763900.0,3100500,1585800,,3801200,,1034100,3414600,1492700,10198100,2637000,56544200,8958500,2398700,4051200,4585800,860700,468300,48883100,3272200,3137400,375800,919000,802400,,2418000,119121200,3442800,,4224000,,3047400,1513000,1460300,8120700,12861800,5598800,1041900,17949100,2046600,14833900,3016900,,4034100,,22588500,3361000,3443800,4154900,2889200,1680200,29767800,5767900,1401400,,,,8606800,11016500,11375200,3283900,3800800,29385700,2145300,115686100,16861900,840800,3488900,2371000,3447900,4596100,1241200,835500,48605600,29916600,8335700,4220900,2771300,3584600,22353900,5364400,6339600,31302100,4890700.0,7003200,4669000,14504800,4705400,1667400,9856800,6185500,5324900,3109400.0,,5189500,1757900,11683300,6155100,3156400,2449200,1952000,2973400,25809300,2308000,13648400.0,3622100,3861400,6481800,6457600,6281400,1836900,3879900,4520400,1806000,,,2678100,5522600,3146700,8284000,12162600,1990800,4760000.0,12849800,1864400,3461300,1789900,3886200,7721400,1877600,,9915000,18486800,1496700,826300,2233500,368200,2384600,334200,2262700,9421600,4773900,2759600,,972100,55640500,1134400,24559600,7757500,954300,3886300,5042700.0,11039000,5994900,4426400,2568500,1428900,4174900,1127700,5003600,109932200,2727300,1496600,7709500,40678900,7394900,1114700,1125900,1879300,148463500,,6130000,20009500,1837000,31704700,2589100.0,5071900,7503300,485400,30003000,12445700,4340200,,2803900,1800600,2732900,,4445400,1916200,10523800,16163800,6450400,2889600,7399900,5021600,2611400,19246000,12858900,2131900,20856400,552300,559200,3717200,2953000,1117600,1800100,17039700.0,36259200,5964000,8193300,4050000,5566500,1635400,1913900,1034100,7990200,2110600,4507500,782600,,798400,12239100,9936100,38159400,3199100,2412200,2288900,23797200,3375700,3610900,23715800,1858400,6341600,8694600,14613600,9204000,,1551000,2048600,1405600.0,4216500,,8010700,3666200,4390200,2161000,1821300,7886900,3578600,1354800,5900900,23890500.0,31805300,13937000,6790100,3651100,629400,4037500,7061500,6358700,1173100,6360100,22272500,6843100,13557800,10764500,231400,19551100,,5440300,30313700,72821100,865300,1049500,3069500,9781200,,6143800,2197400,30898400,1640600.0,18763400,1260000,7439300.0,7751100,4223800,8147200,5553800,,12278100,4089300,1633200,3639100,4552900,12336400,6804000,8036000,4643700,2163600,2610500,1361200,12408800,3078700,2975000,12885300,1175800,38969100,4352400,6582400,24581400,2703500,978400.0,3336000,1496200,2592000,8524300,1729400,7328700,6754900,704800,1636100,38834000,7885800,6596900,6374400,1995700,5181500,3704000,2192400,2480400,8122100,,,3041000,9817400,4836100,5562100,5168300,5261100,1084000,4006800.0,1371500,1800500,11536500,3797300,3035100,17889600,2517800,3930100,2857300,,2133100,1130700,21487800,1577700,937300,2087200,1321100,0,670700,3940100,16949000,2513700,9757700,1049600,0,23793200,,3010700,1823300,2474700,657300,1170000,3613100,3053300,1075800,420400,9790800,10708100,2488100,18080100,3975200,879600,2798600,,,10763700,1491300,3331300,2228700,4719400,5370800,2955800,5750900,6386200,1977800.0,9299800,2222300,551900,1118400,12326700,2550400,22899600,1922800,3477100,,10401300,,,1761000,1256400,5317300,8403600,2821300,4823100,14127500,1929400,1230300,8600200,7530200,4643300,16492200,5361900,5598400,2691400,8568100,966700,3461700,3433000,9569600,562500,4850300,959700,1214500,22510800,1872600,,15183200,1998200,1387700,9803700,11823800,2701800,596800,2667800,56766500,,6009200,16566400,3559100,6246100,1931900,23905700.0,893300,,5512300,6689400,2078500,3345100,,1610100,2564200,2800600,5930900,3204200
2020-03-09,8194400,3661900,10285000,15806200,5112200,13169500,765700,5291900,1736700,80859800,6968000,,886300,7871300,4598200,2393700,1898000,3413800,2627400.0,1064200,3089700,1313600,1126900,5194500,1144100,3383800,2527100,3462600,3365400,16480100,7813200,4268200,42558000,6660600,12266300,19741400,3209200,2322200,1498400,3673000,3613200.0,4065600,2327100,,4936400,,1058600,2712800,6143500,28073200,1897400,71686200,10305900,2767600,6747000,4177400,1554600,723300,67968700,3108500,4551300,576400,1306000,1039800,,3092900,145196000,4109100,,2589800,,3959200,2149500,1478200,4352000,11585500,4257200,1695300,15378700,2589600,22385900,4393400,,3181200,,47473400,2793500,4004700,4879500,4876900,2988800,33764200,8636200,1378000,,,,8343900,11313700,20273700,4415600,4896900,24766500,2565900,322411000,30595500,1026400,3246600,1976700,3897800,9737600,1397500,1113400,61535300,35625600,9957600,2854100,3294200,5894700,27898300,7526000,7399300,46926200,5312400.0,5455500,9691800,29828600,5398100,1775400,15034700,5203100,3691300,3291300.0,,8465700,2356100,13484500,5103900,4252800,2492100,2564700,2886400,25784700,3089600,24783100.0,2708400,3598100,8612200,6472300,6161800,3253600,5052700,6171300,2094900,,,3072400,5616000,4336300,4734900,6861600,2000900,5205800.0,15594000,2081600,3728300,1945500,4784300,12610600,3271700,,18938200,26465400,1331800,724500,3436000,758700,3035900,513300,3900000,12448000,4359000,3523600,,1380900,72896300,1284600,29949000,12392900,954400,4048100,6199900.0,9538800,10151900,5444700,2527300,2357300,3418400,1560000,3256700,103901700,3301000,2749300,7533000,33742800,8322700,1173800,1932400,3241700,122400700,,8204100,28350600,1892700,32839400,3144700.0,6443000,7826300,949100,74704100,7850600,3567500,,2911500,2254700,3248400,,5973200,2464900,14243000,14914600,7335700,3867100,10120500,5849000,2570200,9909400,14985100,2165800,20120800,653600,909800,9325200,3172300,1678600,2063100,11306200.0,56197000,5790200,10757500,4441800,5033000,2968100,2138600,1151700,6696500,2760800,5996900,1271200,,1044100,13848600,13133800,40352000,3926500,2727300,2756700,15961300,3688100,6039900,43807500,2815600,5365600,16231400,13149900,7879400,,1780000,2649500,1178700.0,5493700,,5351300,4637300,3993500,3086700,1965200,8188200,4379100,1380900,6114400,21822600.0,105292500,14834800,6687400,4864400,1032600,4787400,8498300,6683400,1436300,7788500,25015700,9053800,18075200,14632700,217500,26213700,,6094900,31260800,70419300,1198700,979300,3171200,15615200,,5468900,2551400,28177500,2003900.0,7741000,1434200,7780000.0,3182800,2770100,7405500,6973900,,12440500,3928200,1615500,3891100,5188300,13272700,7440100,21197500,5674200,3101100,3275900,1355400,12091800,4954700,3939600,15354000,1476900,104930300,3560800,18613800,25949300,3460900,1256000.0,3002000,1831200,3281900,12458900,1856100,5292200,8716300,1214800,1705000,40971400,12804100,10717700,7993800,1251000,7675200,4702300,1917300,4053500,8590500,,,3157300,13116500,6472600,7291600,7662100,4713600,1697100,5384600.0,1518800,2194100,13898500,2935200,3186600,37735700,2290700,3239300,3874300,,1514100,1344100,23502700,1966400,732100,2005500,2230900,220,1142400,4067500,19180300,3947500,9657100,1079100,0,86148000,,4427500,2112400,3550700,1161500,3331700,6489400,3867100,1944200,870400,8520000,9602300,2595100,15930300,4425400,1149900,3095900,,,10877400,1870800,4898600,3009100,5948800,7346600,3217500,9871800,8454600,3038800.0,8351900,3489600,472200,1221600,11130800,3658300,26233600,2520100,6021500,,11188700,,,4000600,1241900,5548700,6988900,4129700,3992600,17811700,3710100,1823500,8460400,4275500,9400200,12307600,8070700,8648300,3339800,8671100,1044800,3980900,3356700,12531100,1187400,5979600,1023600,2051200,31862200,2034500,,20486400,2126800,1425700,19747800,12341100,3516200,691700,3482700,53277200,,6745200,11371700,5020400,7142500,1814700,37463600.0,4032000,,5092100,9885200,2124200,4966400,,1944900,3776600,2380500,9843600,2827400
2020-03-10,5651700,3243000,9417400,12965800,4349500,15378100,555600,5973700,1322500,76228200,7209200,,742300,6962000,3537300,1962500,2058700,3140000,2771400.0,1146800,3233100,1006500,1277700,5107600,1803400,3358600,2511100,2743600,2611400,20532700,7133300,2920800,56972700,5729000,9793200,10322100,2658300,2185400,1738700,2214400,3053900.0,3928700,2894700,,4355300,,1003300,2611600,4736400,22820600,2309400,71322500,10107400,2677300,7447300,4480700,1762800,499000,56660600,3439400,4152200,612700,1354400,923100,,3415300,134863600,3490500,,2627600,,2767700,2378600,1608300,5201200,13059600,5597200,1588500,13372200,2603700,24831000,5507100,,1552300,,22616800,2809600,5558800,6218100,3013700,2251500,45551300,8293200,1400700,,,,8412800,14277200,13882200,3587900,6353500,20293200,2660500,234303300,22642900,909700,2602200,2095500,4188200,6813900,1405800,911600,50536500,32527500,11835300,2749600,2730800,5114900,27457400,6703100,7521500,48724300,4692900.0,6303900,6649900,20337700,4040400,2004200,9202400,4245500,4641300,2944400.0,,8232800,2517800,13274300,7057400,4064900,2301300,2069700,2797700,28693300,2533800,20134700.0,9935000,4406400,6338600,7273600,3380400,3791300,4897100,4869600,1166300,,,3275200,6386600,3869400,8148400,7598400,2367100,4974000.0,15419000,2935700,5080200,2134200,6525600,10773500,2819900,,13804500,20699700,1249700,706400,4259800,855600,2340300,397600,3524400,13291200,3947700,3563100,,1597100,60445900,1108700,24517800,7310500,856100,3564900,6580800.0,14120200,7231900,8579600,2414700,2406600,4180500,1456700,3420500,101873600,5852200,1770300,6393900,30694900,8773900,1289400,1808300,2606800,98938900,,7927800,18287700,1270900,27660000,4335500.0,6803900,8870300,486800,62821800,9166600,2309800,,2534200,2008000,3247100,,5270300,3372400,9588000,14684200,5472100,2840500,7206600,5477600,3485800,11290000,9319500,1816900,20124300,504000,605500,6060200,1957800,1466500,2933100,10318500.0,36569000,5243100,11410700,4154400,9425000,2707700,2541500,978600,7074400,2721800,4601600,1548300,,996000,12698100,11199900,31102700,6641200,3341000,2817400,17303800,3858200,4885700,33913900,2438500,7072600,12339200,16506300,7152700,,1455800,2372500,1253800.0,4895900,,5961200,6362800,4047100,2505600,1895600,9289500,3663200,1762200,3854000,18271000.0,103558800,12222900,5395500,4267200,880400,4067500,8131400,5763800,1409000,5835200,17595400,9725800,16724700,12698400,197500,43886300,,6410800,31652900,65354400,1365700,851500,2905700,16742300,,8481000,2208100,27111000,1825000.0,7579600,1989000,7160400.0,2786300,3980900,7604400,8180500,,13334700,3831700,1452600,5935900,6234300,12755900,7176100,17103800,5614100,2673400,2591800,1826700,21711700,4503900,3648300,14516200,1284100,110525300,2865900,17038700,27067700,2522500,1218500.0,2398200,1643300,2699300,11748500,2139600,7870300,8258600,1094000,1703300,38470900,9255500,7496100,7047200,997200,6753600,4757100,981800,3491700,8955100,,,4202400,11419100,4653600,6623400,7946300,5151400,1511500,4085800.0,1319100,2774000,13615600,2691500,3290800,27209800,2230400,3604200,3725100,,1435500,1390500,17013400,1925900,1186000,1695900,1722300,0,1103500,3921200,30322600,3059300,11443900,1176900,0,40409000,,3888900,1974400,4230100,943100,1691100,6009900,3596500,1825000,574300,10316600,9366900,3157900,18414000,4454300,954200,2987200,,,11415700,1614300,4385700,2795300,5497100,7461000,2747700,10626800,9206200,2604600.0,8741400,2766600,446100,1900300,10123100,2615200,24083700,2707500,6822900,,12575500,,,2606900,943800,5635600,4608400,3554900,3535300,16815700,3232200,1074400,5503800,5025000,8090300,15642900,7366000,8914200,2642200,9297700,889400,3900600,3563200,10527600,992100,5999500,1401000,1486800,34330900,2024200,,16119400,1842800,1539400,12599100,11190400,4783300,559000,3115200,40078700,,7447000,9232600,3694400,5058500,1128800,33543100.0,2639100,,5037300,8897400,2751500,3726500,,2743100,3464100,2649900,4999100,3265500
2020-03-11,4748200,2325800,11534200,10382200,5188300,10530100,473400,4869200,2077500,101601100,7915400,,1670600,5903400,4985900,1470600,2531000,3184800,2059300.0,1048100,3239400,1588000,1220100,4701900,2029300,3122800,2662000,2736600,2608500,16557300,5624800,2733800,43705800,4213600,8822900,10814400,3360600,2157100,1535600,2384900,2216300.0,3777000,2458300,,4167900,,726200,3415900,4879100,19670000,2005500,63899700,12974200,2660700,4993300,3991000,1474800,449500,45296100,2789400,2751000,424400,1101600,1088200,,2321100,127347000,3652900,,1983200,,3652400,1878900,1263400,5073300,28503500,5441500,1314000,20113200,2669400,19768800,3603000,,2163200,,15850300,2918300,2936000,5369900,3576300,2056200,38235000,6543600,1358100,,,,8351600,16227900,15016500,3954900,5032900,27992400,3023500,136394500,18412800,995300,2664200,2680900,4106600,5390700,1343600,644500,63594300,36709000,12081800,3315400,2816900,4299100,22653900,6122600,6860400,38865100,3796700.0,7153600,5220800,18460700,4162800,1912500,11517400,3622700,7693800,3287100.0,,10872500,2210700,12099100,6110400,4783200,3773100,2692700,2397300,23542000,2480300,15483400.0,34673400,3094000,7673800,5519200,4436800,3847200,3444800,4258300,1460000,,,3070700,6268200,3941800,14841400,5054300,2452000,4422800.0,13056300,2145400,3380100,1892900,4906000,11699200,1765400,,13208700,16600400,1627200,897900,3700900,790100,3040400,497200,2653800,9142300,6358200,2911700,,1371100,51986100,1027700,20373900,10915900,847700,4746400,4872900.0,16402500,8592200,8777800,2400400,2923200,4514200,1023300,5717700,98587100,3531900,1781900,6941300,33944300,13851400,1103500,1752000,2753300,103402500,,8693500,21309700,1495100,32018600,3240100.0,5314000,9019700,597700,35888800,12277100,2406900,,3443500,2602400,4054800,,4357100,2510300,8035100,16335600,9833200,2689200,7253900,4826900,3227100,15610700,14195100,2243700,29290700,562800,694300,4657000,2290200,1860200,2347100,10683700.0,38563500,4539900,8446500,4731600,8921800,2622200,1848500,1004900,10177900,2113000,4907700,883900,,1253100,17763400,10216500,38127000,4769400,2211300,2204700,29399900,2985600,7932800,31677900,2730500,7410800,11763400,12935100,13332000,,1891800,3144100,1420200.0,4744200,,7211800,3329400,3253900,1950800,2214800,6205500,6644500,1314600,7052000,27758000.0,69880200,13535400,8901300,2827800,801300,5334200,8366800,8059300,1507500,5625100,9719600,7893800,13620400,11010000,182200,47127600,,9409800,38483800,56371600,1012400,1163900,2655300,14984300,,6512700,1611900,27376200,1270200.0,10583800,1827400,8567200.0,4474000,2799100,6036000,9536700,,11533000,3876400,2166400,4907800,6026100,16172000,4040000,19918400,7062400,2527800,2440700,1484400,21631700,5745400,3356500,12499100,1231700,70436000,2809900,8734900,24139200,2515700,1197500.0,1911800,2026900,4562600,10756400,1774100,10224600,7465100,926200,1438600,62002100,10420100,7083200,8448500,1454200,4409100,5605500,1228200,2183900,8794500,,,3553600,16456000,5388100,7836800,5755700,5177400,1575500,6645200.0,1393100,2605000,13376500,2506300,3101100,19111500,1820500,4255000,3661500,,2340300,1351800,25918700,1955700,757500,1937800,1761000,0,751200,3731100,23724700,3389000,10341300,1096000,0,33291900,,3463400,2416700,3777100,1042600,2053900,5926000,3080600,1584000,678500,7726600,10508900,1834000,17138000,6053200,972600,2881100,,,14890200,2063100,7360200,2359200,5920500,6102500,2831400,8741200,9636500,3079700.0,8599400,2376200,674700,1076700,6191900,3032200,24771300,2566400,5710400,,12107500,,,2439900,1193400,6161800,5364500,3077300,3764700,18947700,3916800,1416500,6463200,5597800,7074800,10899400,7744600,5557200,2691200,10287400,822900,4419400,4547900,9184800,887300,6277400,732500,1392000,21147400,1733800,,14598200,2388500,1454800,10540000,8593900,2750400,661000,2669300,44769500,,7660600,13919600,4094500,9036400,1090100,24863000.0,2973000,,5660300,5815100,4413300,3438000,,1742200,2783100,2328900,7693300,3591500
